,sales,date,region
0,1638.0,2018-02-06,north
1,1647.0,2018-02-06,south
2,1731.0,2018-02-06,east
3,1557.0,2018-02-06,west
28,1587.0,2018-02-07,north
29,1698.0,2018-02-07,south
30,1542.0,2018-02-07,east
31,1635.0,2018-02-07,west
56,1602.0,2018-02-08,north
57,1536.0,2018-02-08,south
58,1503.0,2018-02-08,east
59,1701.0,2018-02-08,west
84,1758.0,2018-02-09,north
85,1662.0,2018-02-09,south
86,1782.0,2018-02-09,east
87,1515.0,2018-02-09,west
112,1662.0,2018-02-10,north
113,1557.0,2018-02-10,south
114,1650.0,2018-02-10,east
115,1674.0,2018-02-10,west
140,1554.0,2018-02-11,north
141,1587.0,2018-02-11,south
142,1563.0,2018-02-11,east
143,1764.0,2018-02-11,west
168,1758.0,2018-02-12,north
169,1608.0,2018-02-12,south
170,1569.0,2018-02-12,east
171,1653.0,2018-02-12,west
196,1572.0,2018-02-13,north
197,1716.0,2018-02-13,south
198,1773.0,2018-02-13,east
199,1725.0,2018-02-13,west
224,1767.0,2018-02-14,north
225,1710.0,2018-02-14,south
226,1698.0,2018-02-14,east
227,1512.0,2018-02-14,west
252,1746.0,2018-02-15,north
253,1734.0,2018-02-15,south
254,1524.0,2018-02-15,east
255,1614.0,2018-02-15,west
280,1578.0,2018-02-16,north
281,1782.0,2018-02-16,south
282,1527.0,2018-02-16,east
283,1752.0,2018-02-16,west
308,1785.0,2018-02-17,north
309,1689.0,2018-02-17,south
310,1641.0,2018-02-17,east
311,1575.0,2018-02-17,west
336,1644.0,2018-02-18,north
337,1674.0,2018-02-18,south
338,1551.0,2018-02-18,east
339,1737.0,2018-02-18,west
364,1563.0,2018-02-19,north
365,1647.0,2018-02-19,south
366,1605.0,2018-02-19,east
367,1539.0,2018-02-19,west
392,1698.0,2018-02-20,north
393,1575.0,2018-02-20,south
394,1500.0,2018-02-20,east
395,1551.0,2018-02-20,west
420,1737.0,2018-02-21,north
421,1542.0,2018-02-21,south
422,1665.0,2018-02-21,east
423,1548.0,2018-02-21,west
448,1635.0,2018-02-22,north
449,1632.0,2018-02-22,south
450,1668.0,2018-02-22,east
451,1764.0,2018-02-22,west
476,1533.0,2018-02-23,north
477,1563.0,2018-02-23,south
478,1641.0,2018-02-23,east
479,1773.0,2018-02-23,west
504,1629.0,2018-02-24,north
505,1698.0,2018-02-24,south
506,1725.0,2018-02-24,east
507,1722.0,2018-02-24,west
532,1596.0,2018-02-25,north
533,1710.0,2018-02-25,south
534,1635.0,2018-02-25,east
535,1659.0,2018-02-25,west
560,1686.0,2018-02-26,north
561,1533.0,2018-02-26,south
562,1524.0,2018-02-26,east
563,1530.0,2018-02-26,west
588,1665.0,2018-02-27,north
589,1695.0,2018-02-27,south
590,1578.0,2018-02-27,east
591,1620.0,2018-02-27,west
616,1767.0,2018-02-28,north
617,1593.0,2018-02-28,south
618,1743.0,2018-02-28,east
619,1557.0,2018-02-28,west
644,1668.0,2018-03-01,north
645,1782.0,2018-03-01,south
646,1527.0,2018-03-01,east
647,1668.0,2018-03-01,west
672,1635.0,2018-03-02,north
673,1569.0,2018-03-02,south
674,1746.0,2018-03-02,east
675,1773.0,2018-03-02,west
700,1539.0,2018-03-03,north
701,1500.0,2018-03-03,south
702,1569.0,2018-03-03,east
703,1557.0,2018-03-03,west
728,1773.0,2018-03-04,north
729,1644.0,2018-03-04,south
730,1614.0,2018-03-04,east
731,1674.0,2018-03-04,west
756,1533.0,2018-03-05,north
757,1653.0,2018-03-05,south
758,1557.0,2018-03-05,east
759,1746.0,2018-03-05,west
784,1719.0,2018-03-06,north
785,1719.0,2018-03-06,south
786,1659.0,2018-03-06,east
787,1800.0,2018-03-06,west
812,1581.0,2018-03-07,north
813,1602.0,2018-03-07,south
814,1608.0,2018-03-07,east
815,1650.0,2018-03-07,west
840,1611.0,2018-03-08,north
841,1530.0,2018-03-08,south
842,1698.0,2018-03-08,east
843,1668.0,2018-03-08,west
868,1746.0,2018-03-09,north
869,1524.0,2018-03-09,south
870,1506.0,2018-03-09,east
871,1704.0,2018-03-09,west
896,1788.0,2018-03-10,north
897,1719.0,2018-03-10,south
898,1746.0,2018-03-10,east
899,1584.0,2018-03-10,west
924,1692.0,2018-03-11,north
925,1635.0,2018-03-11,south
926,1608.0,2018-03-11,east
927,1590.0,2018-03-11,west
952,1599.0,2018-03-12,north
953,1518.0,2018-03-12,south
954,1602.0,2018-03-12,east
955,1659.0,2018-03-12,west
980,1644.0,2018-03-13,north
981,1611.0,2018-03-13,south
982,1554.0,2018-03-13,east
983,1515.0,2018-03-13,west
1008,1515.0,2018-03-14,north
1009,1632.0,2018-03-14,south
1010,1512.0,2018-03-14,east
1011,1776.0,2018-03-14,west
1036,1677.0,2018-03-15,north
1037,1503.0,2018-03-15,south
1038,1605.0,2018-03-15,east
1039,1647.0,2018-03-15,west
1064,1506.0,2018-03-16,north
1065,1737.0,2018-03-16,south
1066,1590.0,2018-03-16,east
1067,1767.0,2018-03-16,west
1092,1593.0,2018-03-17,north
1093,1614.0,2018-03-17,south
1094,1710.0,2018-03-17,east
1095,1662.0,2018-03-17,west
1120,1650.0,2018-03-18,north
1121,1755.0,2018-03-18,south
1122,1698.0,2018-03-18,east
1123,1659.0,2018-03-18,west
1148,1683.0,2018-03-19,north
1149,1509.0,2018-03-19,south
1150,1500.0,2018-03-19,east
1151,1545.0,2018-03-19,west
1176,1647.0,2018-03-20,north
1177,1614.0,2018-03-20,south
1178,1629.0,2018-03-20,east
1179,1677.0,2018-03-20,west
1204,1743.0,2018-03-21,north
1205,1569.0,2018-03-21,south
1206,1593.0,2018-03-21,east
1207,1578.0,2018-03-21,west
1232,1578.0,2018-03-22,north
1233,1581.0,2018-03-22,south
1234,1653.0,2018-03-22,east
1235,1578.0,2018-03-22,west
1260,1761.0,2018-03-23,north
1261,1611.0,2018-03-23,south
1262,1749.0,2018-03-23,east
1263,1764.0,2018-03-23,west
1288,1716.0,2018-03-24,north
1289,1710.0,2018-03-24,south
1290,1800.0,2018-03-24,east
1291,1728.0,2018-03-24,west
1316,1743.0,2018-03-25,north
1317,1764.0,2018-03-25,south
1318,1740.0,2018-03-25,east
1319,1707.0,2018-03-25,west
1344,1509.0,2018-03-26,north
1345,1641.0,2018-03-26,south
1346,1533.0,2018-03-26,east
1347,1752.0,2018-03-26,west
1372,1767.0,2018-03-27,north
1373,1590.0,2018-03-27,south
1374,1533.0,2018-03-27,east
1375,1704.0,2018-03-27,west
1400,1671.0,2018-03-28,north
1401,1527.0,2018-03-28,south
1402,1524.0,2018-03-28,east
1403,1629.0,2018-03-28,west
1428,1722.0,2018-03-29,north
1429,1557.0,2018-03-29,south
1430,1686.0,2018-03-29,east
1431,1779.0,2018-03-29,west
1456,1734.0,2018-03-30,north
1457,1776.0,2018-03-30,south
1458,1554.0,2018-03-30,east
1459,1725.0,2018-03-30,west
1484,1617.0,2018-03-31,north
1485,1635.0,2018-03-31,south
1486,1605.0,2018-03-31,east
1487,1785.0,2018-03-31,west
1512,1761.0,2018-04-01,north
1513,1530.0,2018-04-01,south
1514,1710.0,2018-04-01,east
1515,1506.0,2018-04-01,west
1540,1509.0,2018-04-02,north
1541,1797.0,2018-04-02,south
1542,1662.0,2018-04-02,east
1543,1530.0,2018-04-02,west
1568,1767.0,2018-04-03,north
1569,1767.0,2018-04-03,south
1570,1614.0,2018-04-03,east
1571,1533.0,2018-04-03,west
1596,1767.0,2018-04-04,north
1597,1761.0,2018-04-04,south
1598,1566.0,2018-04-04,east
1599,1623.0,2018-04-04,west
1624,1506.0,2018-04-05,north
1625,1512.0,2018-04-05,south
1626,1692.0,2018-04-05,east
1627,1749.0,2018-04-05,west
1652,1701.0,2018-04-06,north
1653,1752.0,2018-04-06,south
1654,1632.0,2018-04-06,east
1655,1515.0,2018-04-06,west
1680,1725.0,2018-04-07,north
1681,1611.0,2018-04-07,south
1682,1788.0,2018-04-07,east
1683,1617.0,2018-04-07,west
1708,1656.0,2018-04-08,north
1709,1674.0,2018-04-08,south
1710,1557.0,2018-04-08,east
1711,1701.0,2018-04-08,west
1736,1686.0,2018-04-09,north
1737,1782.0,2018-04-09,south
1738,1641.0,2018-04-09,east
1739,1557.0,2018-04-09,west
1764,1686.0,2018-04-10,north
1765,1527.0,2018-04-10,south
1766,1698.0,2018-04-10,east
1767,1728.0,2018-04-10,west
1792,1671.0,2018-04-11,north
1793,1527.0,2018-04-11,south
1794,1581.0,2018-04-11,east
1795,1764.0,2018-04-11,west
1820,1653.0,2018-04-12,north
1821,1626.0,2018-04-12,south
1822,1782.0,2018-04-12,east
1823,1749.0,2018-04-12,west
1848,1539.0,2018-04-13,north
1849,1752.0,2018-04-13,south
1850,1674.0,2018-04-13,east
1851,1749.0,2018-04-13,west
1876,1569.0,2018-04-14,north
1877,1794.0,2018-04-14,south
1878,1674.0,2018-04-14,east
1879,1638.0,2018-04-14,west
1904,1515.0,2018-04-15,north
1905,1527.0,2018-04-15,south
1906,1602.0,2018-04-15,east
1907,1653.0,2018-04-15,west
1932,1602.0,2018-04-16,north
1933,1707.0,2018-04-16,south
1934,1548.0,2018-04-16,east
1935,1527.0,2018-04-16,west
1960,1599.0,2018-04-17,north
1961,1728.0,2018-04-17,south
1962,1704.0,2018-04-17,east
1963,1539.0,2018-04-17,west
1988,1545.0,2018-04-18,north
1989,1797.0,2018-04-18,south
1990,1515.0,2018-04-18,east
1991,1719.0,2018-04-18,west
2016,1713.0,2018-04-19,north
2017,1674.0,2018-04-19,south
2018,1767.0,2018-04-19,east
2019,1767.0,2018-04-19,west
2044,1668.0,2018-04-20,north
2045,1620.0,2018-04-20,south
2046,1677.0,2018-04-20,east
2047,1509.0,2018-04-20,west
2072,1683.0,2018-04-21,north
2073,1743.0,2018-04-21,south
2074,1644.0,2018-04-21,east
2075,1578.0,2018-04-21,west
2100,1572.0,2018-04-22,north
2101,1545.0,2018-04-22,south
2102,1557.0,2018-04-22,east
2103,1626.0,2018-04-22,west
2128,1710.0,2018-04-23,north
2129,1659.0,2018-04-23,south
2130,1665.0,2018-04-23,east
2131,1521.0,2018-04-23,west
2156,1503.0,2018-04-24,north
2157,1650.0,2018-04-24,south
2158,1689.0,2018-04-24,east
2159,1743.0,2018-04-24,west
2184,1623.0,2018-04-25,north
2185,1503.0,2018-04-25,south
2186,1758.0,2018-04-25,east
2187,1557.0,2018-04-25,west
2212,1713.0,2018-04-26,north
2213,1734.0,2018-04-26,south
2214,1740.0,2018-04-26,east
2215,1563.0,2018-04-26,west
2240,1716.0,2018-04-27,north
2241,1791.0,2018-04-27,south
2242,1674.0,2018-04-27,east
2243,1716.0,2018-04-27,west
2268,1632.0,2018-04-28,north
2269,1641.0,2018-04-28,south
2270,1584.0,2018-04-28,east
2271,1590.0,2018-04-28,west
2296,1713.0,2018-04-29,north
2297,1593.0,2018-04-29,south
2298,1740.0,2018-04-29,east
2299,1638.0,2018-04-29,west
2324,1653.0,2018-04-30,north
2325,1590.0,2018-04-30,south
2326,1593.0,2018-04-30,east
2327,1602.0,2018-04-30,west
2352,1785.0,2018-05-01,north
2353,1764.0,2018-05-01,south
2354,1506.0,2018-05-01,east
2355,1536.0,2018-05-01,west
2380,1623.0,2018-05-02,north
2381,1674.0,2018-05-02,south
2382,1791.0,2018-05-02,east
2383,1653.0,2018-05-02,west
2408,1785.0,2018-05-03,north
2409,1569.0,2018-05-03,south
2410,1500.0,2018-05-03,east
2411,1770.0,2018-05-03,west
2436,1653.0,2018-05-04,north
2437,1590.0,2018-05-04,south
2438,1671.0,2018-05-04,east
2439,1629.0,2018-05-04,west
2464,1578.0,2018-05-05,north
2465,1665.0,2018-05-05,south
2466,1575.0,2018-05-05,east
2467,1587.0,2018-05-05,west
2492,1674.0,2018-05-06,north
2493,1785.0,2018-05-06,south
2494,1719.0,2018-05-06,east
2495,1617.0,2018-05-06,west
2520,1794.0,2018-05-07,north
2521,1563.0,2018-05-07,south
2522,1728.0,2018-05-07,east
2523,1740.0,2018-05-07,west
2548,1617.0,2018-05-08,north
2549,1650.0,2018-05-08,south
2550,1728.0,2018-05-08,east
2551,1635.0,2018-05-08,west
2576,1584.0,2018-05-09,north
2577,1647.0,2018-05-09,south
2578,1551.0,2018-05-09,east
2579,1512.0,2018-05-09,west
2604,1737.0,2018-05-10,north
2605,1551.0,2018-05-10,south
2606,1515.0,2018-05-10,east
2607,1716.0,2018-05-10,west
2632,1746.0,2018-05-11,north
2633,1677.0,2018-05-11,south
2634,1584.0,2018-05-11,east
2635,1617.0,2018-05-11,west
2660,1743.0,2018-05-12,north
2661,1533.0,2018-05-12,south
2662,1521.0,2018-05-12,east
2663,1578.0,2018-05-12,west
2688,1545.0,2018-05-13,north
2689,1713.0,2018-05-13,south
2690,1665.0,2018-05-13,east
2691,1644.0,2018-05-13,west
2716,1776.0,2018-05-14,north
2717,1560.0,2018-05-14,south
2718,1644.0,2018-05-14,east
2719,1503.0,2018-05-14,west
2744,1800.0,2018-05-15,north
2745,1758.0,2018-05-15,south
2746,1701.0,2018-05-15,east
2747,1671.0,2018-05-15,west
2772,1593.0,2018-05-16,north
2773,1617.0,2018-05-16,south
2774,1626.0,2018-05-16,east
2775,1629.0,2018-05-16,west
2800,1728.0,2018-05-17,north
2801,1506.0,2018-05-17,south
2802,1590.0,2018-05-17,east
2803,1626.0,2018-05-17,west
2828,1782.0,2018-05-18,north
2829,1572.0,2018-05-18,south
2830,1539.0,2018-05-18,east
2831,1509.0,2018-05-18,west
2856,1788.0,2018-05-19,north
2857,1713.0,2018-05-19,south
2858,1626.0,2018-05-19,east
2859,1629.0,2018-05-19,west
2884,1548.0,2018-05-20,north
2885,1716.0,2018-05-20,south
2886,1752.0,2018-05-20,east
2887,1638.0,2018-05-20,west
2912,1575.0,2018-05-21,north
2913,1671.0,2018-05-21,south
2914,1626.0,2018-05-21,east
2915,1572.0,2018-05-21,west
2940,1572.0,2018-05-22,north
2941,1569.0,2018-05-22,south
2942,1581.0,2018-05-22,east
2943,1521.0,2018-05-22,west
2968,1641.0,2018-05-23,north
2969,1692.0,2018-05-23,south
2970,1713.0,2018-05-23,east
2971,1563.0,2018-05-23,west
2996,1524.0,2018-05-24,north
2997,1533.0,2018-05-24,south
2998,1695.0,2018-05-24,east
2999,1533.0,2018-05-24,west
3024,1599.0,2018-05-25,north
3025,1665.0,2018-05-25,south
3026,1713.0,2018-05-25,east
3027,1644.0,2018-05-25,west
3052,1776.0,2018-05-26,north
3053,1530.0,2018-05-26,south
3054,1650.0,2018-05-26,east
3055,1512.0,2018-05-26,west
3080,1629.0,2018-05-27,north
3081,1707.0,2018-05-27,south
3082,1521.0,2018-05-27,east
3083,1761.0,2018-05-27,west
3108,1755.0,2018-05-28,north
3109,1659.0,2018-05-28,south
3110,1800.0,2018-05-28,east
3111,1539.0,2018-05-28,west
3136,1713.0,2018-05-29,north
3137,1752.0,2018-05-29,south
3138,1629.0,2018-05-29,east
3139,1635.0,2018-05-29,west
3164,1674.0,2018-05-30,north
3165,1701.0,2018-05-30,south
3166,1614.0,2018-05-30,east
3167,1794.0,2018-05-30,west
3192,1725.0,2018-05-31,north
3193,1659.0,2018-05-31,south
3194,1536.0,2018-05-31,east
3195,1620.0,2018-05-31,west
3220,1794.0,2018-06-01,north
3221,1623.0,2018-06-01,south
3222,1665.0,2018-06-01,east
3223,1671.0,2018-06-01,west
3248,1752.0,2018-06-02,north
3249,1707.0,2018-06-02,south
3250,1797.0,2018-06-02,east
3251,1668.0,2018-06-02,west
3276,1596.0,2018-06-03,north
3277,1503.0,2018-06-03,south
3278,1578.0,2018-06-03,east
3279,1680.0,2018-06-03,west
3304,1608.0,2018-06-04,north
3305,1683.0,2018-06-04,south
3306,1572.0,2018-06-04,east
3307,1656.0,2018-06-04,west
3332,1713.0,2018-06-05,north
3333,1698.0,2018-06-05,south
3334,1557.0,2018-06-05,east
3335,1782.0,2018-06-05,west
3360,1695.0,2018-06-06,north
3361,1680.0,2018-06-06,south
3362,1761.0,2018-06-06,east
3363,1659.0,2018-06-06,west
3388,1518.0,2018-06-07,north
3389,1572.0,2018-06-07,south
3390,1785.0,2018-06-07,east
3391,1557.0,2018-06-07,west
3416,1719.0,2018-06-08,north
3417,1677.0,2018-06-08,south
3418,1695.0,2018-06-08,east
3419,1602.0,2018-06-08,west
3444,1782.0,2018-06-09,north
3445,1773.0,2018-06-09,south
3446,1656.0,2018-06-09,east
3447,1665.0,2018-06-09,west
3472,1578.0,2018-06-10,north
3473,1641.0,2018-06-10,south
3474,1737.0,2018-06-10,east
3475,1557.0,2018-06-10,west
3500,1788.0,2018-06-11,north
3501,1677.0,2018-06-11,south
3502,1698.0,2018-06-11,east
3503,1728.0,2018-06-11,west
3528,1776.0,2018-06-12,north
3529,1551.0,2018-06-12,south
3530,1548.0,2018-06-12,east
3531,1542.0,2018-06-12,west
3556,1683.0,2018-06-13,north
3557,1683.0,2018-06-13,south
3558,1572.0,2018-06-13,east
3559,1683.0,2018-06-13,west
3584,1761.0,2018-06-14,north
3585,1668.0,2018-06-14,south
3586,1599.0,2018-06-14,east
3587,1593.0,2018-06-14,west
3612,1623.0,2018-06-15,north
3613,1737.0,2018-06-15,south
3614,1593.0,2018-06-15,east
3615,1788.0,2018-06-15,west
3640,1659.0,2018-06-16,north
3641,1641.0,2018-06-16,south
3642,1575.0,2018-06-16,east
3643,1611.0,2018-06-16,west
3668,1599.0,2018-06-17,north
3669,1530.0,2018-06-17,south
3670,1608.0,2018-06-17,east
3671,1626.0,2018-06-17,west
3696,1530.0,2018-06-18,north
3697,1707.0,2018-06-18,south
3698,1611.0,2018-06-18,east
3699,1635.0,2018-06-18,west
3724,1593.0,2018-06-19,north
3725,1749.0,2018-06-19,south
3726,1623.0,2018-06-19,east
3727,1608.0,2018-06-19,west
3752,1665.0,2018-06-20,north
3753,1659.0,2018-06-20,south
3754,1734.0,2018-06-20,east
3755,1557.0,2018-06-20,west
3780,1797.0,2018-06-21,north
3781,1587.0,2018-06-21,south
3782,1557.0,2018-06-21,east
3783,1542.0,2018-06-21,west
3808,1743.0,2018-06-22,north
3809,1797.0,2018-06-22,south
3810,1686.0,2018-06-22,east
3811,1683.0,2018-06-22,west
3836,1791.0,2018-06-23,north
3837,1554.0,2018-06-23,south
3838,1695.0,2018-06-23,east
3839,1566.0,2018-06-23,west
3864,1563.0,2018-06-24,north
3865,1623.0,2018-06-24,south
3866,1530.0,2018-06-24,east
3867,1662.0,2018-06-24,west
3892,1650.0,2018-06-25,north
3893,1602.0,2018-06-25,south
3894,1548.0,2018-06-25,east
3895,1623.0,2018-06-25,west
3920,1728.0,2018-06-26,north
3921,1533.0,2018-06-26,south
3922,1503.0,2018-06-26,east
3923,1629.0,2018-06-26,west
3948,1581.0,2018-06-27,north
3949,1659.0,2018-06-27,south
3950,1707.0,2018-06-27,east
3951,1665.0,2018-06-27,west
3976,1563.0,2018-06-28,north
3977,1638.0,2018-06-28,south
3978,1692.0,2018-06-28,east
3979,1503.0,2018-06-28,west
4004,1686.0,2018-06-29,north
4005,1764.0,2018-06-29,south
4006,1629.0,2018-06-29,east
4007,1779.0,2018-06-29,west
4032,1554.0,2018-06-30,north
4033,1653.0,2018-06-30,south
4034,1515.0,2018-06-30,east
4035,1557.0,2018-06-30,west
4060,1746.0,2018-07-01,north
4061,1671.0,2018-07-01,south
4062,1716.0,2018-07-01,east
4063,1554.0,2018-07-01,west
4088,1695.0,2018-07-02,north
4089,1611.0,2018-07-02,south
4090,1680.0,2018-07-02,east
4091,1671.0,2018-07-02,west
4116,1644.0,2018-07-03,north
4117,1638.0,2018-07-03,south
4118,1623.0,2018-07-03,east
4119,1515.0,2018-07-03,west
4144,1743.0,2018-07-04,north
4145,1587.0,2018-07-04,south
4146,1764.0,2018-07-04,east
4147,1572.0,2018-07-04,west
4172,1752.0,2018-07-05,north
4173,1647.0,2018-07-05,south
4174,1575.0,2018-07-05,east
4175,1500.0,2018-07-05,west
4200,1743.0,2018-07-06,north
4201,1566.0,2018-07-06,south
4202,1758.0,2018-07-06,east
4203,1689.0,2018-07-06,west
4228,1776.0,2018-07-07,north
4229,1770.0,2018-07-07,south
4230,1695.0,2018-07-07,east
4231,1566.0,2018-07-07,west
4256,1623.0,2018-07-08,north
4257,1776.0,2018-07-08,south
4258,1515.0,2018-07-08,east
4259,1761.0,2018-07-08,west
4284,1623.0,2018-07-09,north
4285,1788.0,2018-07-09,south
4286,1542.0,2018-07-09,east
4287,1515.0,2018-07-09,west
4312,1794.0,2018-07-10,north
4313,1794.0,2018-07-10,south
4314,1755.0,2018-07-10,east
4315,1761.0,2018-07-10,west
4340,1605.0,2018-07-11,north
4341,1569.0,2018-07-11,south
4342,1638.0,2018-07-11,east
4343,1677.0,2018-07-11,west
4368,1593.0,2018-07-12,north
4369,1500.0,2018-07-12,south
4370,1539.0,2018-07-12,east
4371,1719.0,2018-07-12,west
4396,1749.0,2018-07-13,north
4397,1596.0,2018-07-13,south
4398,1680.0,2018-07-13,east
4399,1509.0,2018-07-13,west
4424,1500.0,2018-07-14,north
4425,1653.0,2018-07-14,south
4426,1620.0,2018-07-14,east
4427,1575.0,2018-07-14,west
4452,1737.0,2018-07-15,north
4453,1713.0,2018-07-15,south
4454,1698.0,2018-07-15,east
4455,1539.0,2018-07-15,west
4480,1773.0,2018-07-16,north
4481,1707.0,2018-07-16,south
4482,1554.0,2018-07-16,east
4483,1515.0,2018-07-16,west
4508,1551.0,2018-07-17,north
4509,1566.0,2018-07-17,south
4510,1788.0,2018-07-17,east
4511,1614.0,2018-07-17,west
4536,1704.0,2018-07-18,north
4537,1656.0,2018-07-18,south
4538,1530.0,2018-07-18,east
4539,1659.0,2018-07-18,west
4564,1620.0,2018-07-19,north
4565,1725.0,2018-07-19,south
4566,1704.0,2018-07-19,east
4567,1527.0,2018-07-19,west
4592,1731.0,2018-07-20,north
4593,1761.0,2018-07-20,south
4594,1644.0,2018-07-20,east
4595,1653.0,2018-07-20,west
4620,1725.0,2018-07-21,north
4621,1698.0,2018-07-21,south
4622,1662.0,2018-07-21,east
4623,1656.0,2018-07-21,west
4648,1608.0,2018-07-22,north
4649,1773.0,2018-07-22,south
4650,1659.0,2018-07-22,east
4651,1647.0,2018-07-22,west
4676,1638.0,2018-07-23,north
4677,1623.0,2018-07-23,south
4678,1719.0,2018-07-23,east
4679,1629.0,2018-07-23,west
4704,1701.0,2018-07-24,north
4705,1725.0,2018-07-24,south
4706,1752.0,2018-07-24,east
4707,1557.0,2018-07-24,west
4732,1500.0,2018-07-25,north
4733,1707.0,2018-07-25,south
4734,1533.0,2018-07-25,east
4735,1737.0,2018-07-25,west
4760,1605.0,2018-07-26,north
4761,1767.0,2018-07-26,south
4762,1551.0,2018-07-26,east
4763,1521.0,2018-07-26,west
4788,1659.0,2018-07-27,north
4789,1611.0,2018-07-27,south
4790,1695.0,2018-07-27,east
4791,1632.0,2018-07-27,west
4816,1515.0,2018-07-28,north
4817,1584.0,2018-07-28,south
4818,1596.0,2018-07-28,east
4819,1743.0,2018-07-28,west
4844,1791.0,2018-07-29,north
4845,1599.0,2018-07-29,south
4846,1749.0,2018-07-29,east
4847,1755.0,2018-07-29,west
4872,1755.0,2018-07-30,north
4873,1662.0,2018-07-30,south
4874,1509.0,2018-07-30,east
4875,1776.0,2018-07-30,west
4900,1695.0,2018-07-31,north
4901,1707.0,2018-07-31,south
4902,1548.0,2018-07-31,east
4903,1578.0,2018-07-31,west
4928,1563.0,2018-08-01,north
4929,1674.0,2018-08-01,south
4930,1554.0,2018-08-01,east
4931,1665.0,2018-08-01,west
4956,1527.0,2018-08-02,north
4957,1617.0,2018-08-02,south
4958,1548.0,2018-08-02,east
4959,1671.0,2018-08-02,west
4984,1668.0,2018-08-03,north
4985,1671.0,2018-08-03,south
4986,1719.0,2018-08-03,east
4987,1668.0,2018-08-03,west
5012,1536.0,2018-08-04,north
5013,1734.0,2018-08-04,south
5014,1743.0,2018-08-04,east
5015,1776.0,2018-08-04,west
5040,1650.0,2018-08-05,north
5041,1599.0,2018-08-05,south
5042,1614.0,2018-08-05,east
5043,1773.0,2018-08-05,west
5068,1611.0,2018-08-06,north
5069,1605.0,2018-08-06,south
5070,1554.0,2018-08-06,east
5071,1788.0,2018-08-06,west
5096,1566.0,2018-08-07,north
5097,1560.0,2018-08-07,south
5098,1551.0,2018-08-07,east
5099,1626.0,2018-08-07,west
5124,1665.0,2018-08-08,north
5125,1539.0,2018-08-08,south
5126,1506.0,2018-08-08,east
5127,1617.0,2018-08-08,west
5152,1797.0,2018-08-09,north
5153,1794.0,2018-08-09,south
5154,1620.0,2018-08-09,east
5155,1683.0,2018-08-09,west
5180,1620.0,2018-08-10,north
5181,1554.0,2018-08-10,south
5182,1701.0,2018-08-10,east
5183,1785.0,2018-08-10,west
5208,1689.0,2018-08-11,north
5209,1650.0,2018-08-11,south
5210,1533.0,2018-08-11,east
5211,1587.0,2018-08-11,west
5236,1509.0,2018-08-12,north
5237,1743.0,2018-08-12,south
5238,1719.0,2018-08-12,east
5239,1743.0,2018-08-12,west
5264,1701.0,2018-08-13,north
5265,1629.0,2018-08-13,south
5266,1638.0,2018-08-13,east
5267,1611.0,2018-08-13,west
5292,1623.0,2018-08-14,north
5293,1635.0,2018-08-14,south
5294,1716.0,2018-08-14,east
5295,1707.0,2018-08-14,west
5320,1602.0,2018-08-15,north
5321,1542.0,2018-08-15,south
5322,1800.0,2018-08-15,east
5323,1734.0,2018-08-15,west
5348,1788.0,2018-08-16,north
5349,1614.0,2018-08-16,south
5350,1743.0,2018-08-16,east
5351,1770.0,2018-08-16,west
5376,1776.0,2018-08-17,north
5377,1713.0,2018-08-17,south
5378,1623.0,2018-08-17,east
5379,1752.0,2018-08-17,west
5404,1527.0,2018-08-18,north
5405,1776.0,2018-08-18,south
5406,1689.0,2018-08-18,east
5407,1713.0,2018-08-18,west
5432,1509.0,2018-08-19,north
5433,1575.0,2018-08-19,south
5434,1701.0,2018-08-19,east
5435,1575.0,2018-08-19,west
5460,1581.0,2018-08-20,north
5461,1779.0,2018-08-20,south
5462,1662.0,2018-08-20,east
5463,1506.0,2018-08-20,west
5488,1794.0,2018-08-21,north
5489,1659.0,2018-08-21,south
5490,1644.0,2018-08-21,east
5491,1707.0,2018-08-21,west
5516,1704.0,2018-08-22,north
5517,1500.0,2018-08-22,south
5518,1539.0,2018-08-22,east
5519,1800.0,2018-08-22,west
5544,1557.0,2018-08-23,north
5545,1554.0,2018-08-23,south
5546,1788.0,2018-08-23,east
5547,1563.0,2018-08-23,west
5572,1548.0,2018-08-24,north
5573,1560.0,2018-08-24,south
5574,1734.0,2018-08-24,east
5575,1644.0,2018-08-24,west
5600,1629.0,2018-08-25,north
5601,1677.0,2018-08-25,south
5602,1764.0,2018-08-25,east
5603,1515.0,2018-08-25,west
5628,1542.0,2018-08-26,north
5629,1545.0,2018-08-26,south
5630,1668.0,2018-08-26,east
5631,1584.0,2018-08-26,west
5656,1605.0,2018-08-27,north
5657,1740.0,2018-08-27,south
5658,1602.0,2018-08-27,east
5659,1509.0,2018-08-27,west
5684,1566.0,2018-08-28,north
5685,1680.0,2018-08-28,south
5686,1656.0,2018-08-28,east
5687,1722.0,2018-08-28,west
5712,1662.0,2018-08-29,north
5713,1794.0,2018-08-29,south
5714,1734.0,2018-08-29,east
5715,1647.0,2018-08-29,west
5740,1635.0,2018-08-30,north
5741,1743.0,2018-08-30,south
5742,1665.0,2018-08-30,east
5743,1770.0,2018-08-30,west
5768,1749.0,2018-08-31,north
5769,1695.0,2018-08-31,south
5770,1644.0,2018-08-31,east
5771,1602.0,2018-08-31,west
5796,1560.0,2018-09-01,north
5797,1500.0,2018-09-01,south
5798,1719.0,2018-09-01,east
5799,1557.0,2018-09-01,west
5824,1527.0,2018-09-02,north
5825,1653.0,2018-09-02,south
5826,1506.0,2018-09-02,east
5827,1575.0,2018-09-02,west
5852,1749.0,2018-09-03,north
5853,1770.0,2018-09-03,south
5854,1674.0,2018-09-03,east
5855,1650.0,2018-09-03,west
5880,1794.0,2018-09-04,north
5881,1509.0,2018-09-04,south
5882,1785.0,2018-09-04,east
5883,1539.0,2018-09-04,west
5908,1731.0,2018-09-05,north
5909,1617.0,2018-09-05,south
5910,1656.0,2018-09-05,east
5911,1599.0,2018-09-05,west
5936,1713.0,2018-09-06,north
5937,1506.0,2018-09-06,south
5938,1758.0,2018-09-06,east
5939,1650.0,2018-09-06,west
5964,1791.0,2018-09-07,north
5965,1623.0,2018-09-07,south
5966,1776.0,2018-09-07,east
5967,1653.0,2018-09-07,west
5992,1659.0,2018-09-08,north
5993,1755.0,2018-09-08,south
5994,1533.0,2018-09-08,east
5995,1557.0,2018-09-08,west
6020,1527.0,2018-09-09,north
6021,1614.0,2018-09-09,south
6022,1638.0,2018-09-09,east
6023,1704.0,2018-09-09,west
6048,1650.0,2018-09-10,north
6049,1656.0,2018-09-10,south
6050,1782.0,2018-09-10,east
6051,1527.0,2018-09-10,west
6076,1578.0,2018-09-11,north
6077,1767.0,2018-09-11,south
6078,1749.0,2018-09-11,east
6079,1524.0,2018-09-11,west
6104,1719.0,2018-09-12,north
6105,1695.0,2018-09-12,south
6106,1740.0,2018-09-12,east
6107,1533.0,2018-09-12,west
6132,1653.0,2018-09-13,north
6133,1560.0,2018-09-13,south
6134,1677.0,2018-09-13,east
6135,1539.0,2018-09-13,west
6160,1713.0,2018-09-14,north
6161,1554.0,2018-09-14,south
6162,1743.0,2018-09-14,east
6163,1701.0,2018-09-14,west
6188,1587.0,2018-09-15,north
6189,1512.0,2018-09-15,south
6190,1698.0,2018-09-15,east
6191,1746.0,2018-09-15,west
6216,1554.0,2018-09-16,north
6217,1554.0,2018-09-16,south
6218,1782.0,2018-09-16,east
6219,1782.0,2018-09-16,west
6244,1764.0,2018-09-17,north
6245,1620.0,2018-09-17,south
6246,1545.0,2018-09-17,east
6247,1722.0,2018-09-17,west
6272,1503.0,2018-09-18,north
6273,1530.0,2018-09-18,south
6274,1737.0,2018-09-18,east
6275,1692.0,2018-09-18,west
6300,1542.0,2018-09-19,north
6301,1758.0,2018-09-19,south
6302,1779.0,2018-09-19,east
6303,1593.0,2018-09-19,west
6328,1686.0,2018-09-20,north
6329,1749.0,2018-09-20,south
6330,1662.0,2018-09-20,east
6331,1569.0,2018-09-20,west
6356,1590.0,2018-09-21,north
6357,1665.0,2018-09-21,south
6358,1716.0,2018-09-21,east
6359,1704.0,2018-09-21,west
6384,1632.0,2018-09-22,north
6385,1581.0,2018-09-22,south
6386,1758.0,2018-09-22,east
6387,1641.0,2018-09-22,west
6412,1731.0,2018-09-23,north
6413,1677.0,2018-09-23,south
6414,1728.0,2018-09-23,east
6415,1755.0,2018-09-23,west
6440,1611.0,2018-09-24,north
6441,1593.0,2018-09-24,south
6442,1797.0,2018-09-24,east
6443,1560.0,2018-09-24,west
6468,1530.0,2018-09-25,north
6469,1770.0,2018-09-25,south
6470,1611.0,2018-09-25,east
6471,1701.0,2018-09-25,west
6496,1617.0,2018-09-26,north
6497,1515.0,2018-09-26,south
6498,1713.0,2018-09-26,east
6499,1500.0,2018-09-26,west
6524,1632.0,2018-09-27,north
6525,1713.0,2018-09-27,south
6526,1743.0,2018-09-27,east
6527,1587.0,2018-09-27,west
6552,1749.0,2018-09-28,north
6553,1533.0,2018-09-28,south
6554,1653.0,2018-09-28,east
6555,1512.0,2018-09-28,west
6580,1518.0,2018-09-29,north
6581,1623.0,2018-09-29,south
6582,1701.0,2018-09-29,east
6583,1596.0,2018-09-29,west
6608,1746.0,2018-09-30,north
6609,1536.0,2018-09-30,south
6610,1659.0,2018-09-30,east
6611,1524.0,2018-09-30,west
6636,1782.0,2018-10-01,north
6637,1632.0,2018-10-01,south
6638,1755.0,2018-10-01,east
6639,1650.0,2018-10-01,west
6664,1680.0,2018-10-02,north
6665,1701.0,2018-10-02,south
6666,1800.0,2018-10-02,east
6667,1740.0,2018-10-02,west
6692,1563.0,2018-10-03,north
6693,1788.0,2018-10-03,south
6694,1536.0,2018-10-03,east
6695,1764.0,2018-10-03,west
6720,1512.0,2018-10-04,north
6721,1560.0,2018-10-04,south
6722,1626.0,2018-10-04,east
6723,1797.0,2018-10-04,west
6748,1779.0,2018-10-05,north
6749,1683.0,2018-10-05,south
6750,1713.0,2018-10-05,east
6751,1794.0,2018-10-05,west
6776,1584.0,2018-10-06,north
6777,1647.0,2018-10-06,south
6778,1596.0,2018-10-06,east
6779,1515.0,2018-10-06,west
6804,1533.0,2018-10-07,north
6805,1608.0,2018-10-07,south
6806,1794.0,2018-10-07,east
6807,1578.0,2018-10-07,west
6832,1701.0,2018-10-08,north
6833,1617.0,2018-10-08,south
6834,1779.0,2018-10-08,east
6835,1785.0,2018-10-08,west
6860,1680.0,2018-10-09,north
6861,1590.0,2018-10-09,south
6862,1551.0,2018-10-09,east
6863,1587.0,2018-10-09,west
6888,1749.0,2018-10-10,north
6889,1701.0,2018-10-10,south
6890,1599.0,2018-10-10,east
6891,1506.0,2018-10-10,west
6916,1596.0,2018-10-11,north
6917,1800.0,2018-10-11,south
6918,1749.0,2018-10-11,east
6919,1674.0,2018-10-11,west
6944,1782.0,2018-10-12,north
6945,1647.0,2018-10-12,south
6946,1542.0,2018-10-12,east
6947,1656.0,2018-10-12,west
6972,1581.0,2018-10-13,north
6973,1713.0,2018-10-13,south
6974,1722.0,2018-10-13,east
6975,1686.0,2018-10-13,west
7000,1728.0,2018-10-14,north
7001,1755.0,2018-10-14,south
7002,1503.0,2018-10-14,east
7003,1602.0,2018-10-14,west
7028,1605.0,2018-10-15,north
7029,1719.0,2018-10-15,south
7030,1548.0,2018-10-15,east
7031,1626.0,2018-10-15,west
7056,1551.0,2018-10-16,north
7057,1662.0,2018-10-16,south
7058,1650.0,2018-10-16,east
7059,1788.0,2018-10-16,west
7084,1536.0,2018-10-17,north
7085,1551.0,2018-10-17,south
7086,1656.0,2018-10-17,east
7087,1644.0,2018-10-17,west
7112,1692.0,2018-10-18,north
7113,1518.0,2018-10-18,south
7114,1509.0,2018-10-18,east
7115,1674.0,2018-10-18,west
7140,1521.0,2018-10-19,north
7141,1632.0,2018-10-19,south
7142,1794.0,2018-10-19,east
7143,1689.0,2018-10-19,west
7168,1692.0,2018-10-20,north
7169,1662.0,2018-10-20,south
7170,1776.0,2018-10-20,east
7171,1710.0,2018-10-20,west
7196,1569.0,2018-10-21,north
7197,1704.0,2018-10-21,south
7198,1767.0,2018-10-21,east
7199,1767.0,2018-10-21,west
7224,1542.0,2018-10-22,north
7225,1707.0,2018-10-22,south
7226,1578.0,2018-10-22,east
7227,1521.0,2018-10-22,west
7252,1764.0,2018-10-23,north
7253,1683.0,2018-10-23,south
7254,1602.0,2018-10-23,east
7255,1755.0,2018-10-23,west
7280,1650.0,2018-10-24,north
7281,1629.0,2018-10-24,south
7282,1692.0,2018-10-24,east
7283,1542.0,2018-10-24,west
7308,1629.0,2018-10-25,north
7309,1587.0,2018-10-25,south
7310,1635.0,2018-10-25,east
7311,1653.0,2018-10-25,west
7336,1596.0,2018-10-26,north
7337,1524.0,2018-10-26,south
7338,1545.0,2018-10-26,east
7339,1707.0,2018-10-26,west
7364,1509.0,2018-10-27,north
7365,1509.0,2018-10-27,south
7366,1686.0,2018-10-27,east
7367,1785.0,2018-10-27,west
7392,1635.0,2018-10-28,north
7393,1752.0,2018-10-28,south
7394,1785.0,2018-10-28,east
7395,1755.0,2018-10-28,west
7420,1707.0,2018-10-29,north
7421,1701.0,2018-10-29,south
7422,1599.0,2018-10-29,east
7423,1782.0,2018-10-29,west
7448,1677.0,2018-10-30,north
7449,1719.0,2018-10-30,south
7450,1530.0,2018-10-30,east
7451,1776.0,2018-10-30,west
7476,1674.0,2018-10-31,north
7477,1641.0,2018-10-31,south
7478,1596.0,2018-10-31,east
7479,1506.0,2018-10-31,west
7504,1692.0,2018-11-01,north
7505,1623.0,2018-11-01,south
7506,1593.0,2018-11-01,east
7507,1551.0,2018-11-01,west
7532,1728.0,2018-11-02,north
7533,1608.0,2018-11-02,south
7534,1530.0,2018-11-02,east
7535,1791.0,2018-11-02,west
7560,1704.0,2018-11-03,north
7561,1653.0,2018-11-03,south
7562,1548.0,2018-11-03,east
7563,1626.0,2018-11-03,west
7588,1695.0,2018-11-04,north
7589,1590.0,2018-11-04,south
7590,1530.0,2018-11-04,east
7591,1644.0,2018-11-04,west
7616,1611.0,2018-11-05,north
7617,1617.0,2018-11-05,south
7618,1776.0,2018-11-05,east
7619,1641.0,2018-11-05,west
7644,1740.0,2018-11-06,north
7645,1590.0,2018-11-06,south
7646,1773.0,2018-11-06,east
7647,1641.0,2018-11-06,west
7672,1527.0,2018-11-07,north
7673,1755.0,2018-11-07,south
7674,1650.0,2018-11-07,east
7675,1593.0,2018-11-07,west
7700,1548.0,2018-11-08,north
7701,1623.0,2018-11-08,south
7702,1500.0,2018-11-08,east
7703,1569.0,2018-11-08,west
7728,1647.0,2018-11-09,north
7729,1662.0,2018-11-09,south
7730,1710.0,2018-11-09,east
7731,1719.0,2018-11-09,west
7756,1590.0,2018-11-10,north
7757,1539.0,2018-11-10,south
7758,1566.0,2018-11-10,east
7759,1770.0,2018-11-10,west
7784,1722.0,2018-11-11,north
7785,1524.0,2018-11-11,south
7786,1641.0,2018-11-11,east
7787,1662.0,2018-11-11,west
7812,1716.0,2018-11-12,north
7813,1611.0,2018-11-12,south
7814,1569.0,2018-11-12,east
7815,1797.0,2018-11-12,west
7840,1698.0,2018-11-13,north
7841,1581.0,2018-11-13,south
7842,1776.0,2018-11-13,east
7843,1644.0,2018-11-13,west
7868,1563.0,2018-11-14,north
7869,1707.0,2018-11-14,south
7870,1533.0,2018-11-14,east
7871,1572.0,2018-11-14,west
7896,1623.0,2018-11-15,north
7897,1698.0,2018-11-15,south
7898,1521.0,2018-11-15,east
7899,1707.0,2018-11-15,west
7924,1587.0,2018-11-16,north
7925,1776.0,2018-11-16,south
7926,1662.0,2018-11-16,east
7927,1578.0,2018-11-16,west
7952,1554.0,2018-11-17,north
7953,1515.0,2018-11-17,south
7954,1602.0,2018-11-17,east
7955,1557.0,2018-11-17,west
7980,1521.0,2018-11-18,north
7981,1740.0,2018-11-18,south
7982,1617.0,2018-11-18,east
7983,1647.0,2018-11-18,west
8008,1551.0,2018-11-19,north
8009,1500.0,2018-11-19,south
8010,1725.0,2018-11-19,east
8011,1563.0,2018-11-19,west
8036,1791.0,2018-11-20,north
8037,1578.0,2018-11-20,south
8038,1632.0,2018-11-20,east
8039,1674.0,2018-11-20,west
8064,1617.0,2018-11-21,north
8065,1509.0,2018-11-21,south
8066,1644.0,2018-11-21,east
8067,1542.0,2018-11-21,west
8092,1650.0,2018-11-22,north
8093,1758.0,2018-11-22,south
8094,1710.0,2018-11-22,east
8095,1737.0,2018-11-22,west
8120,1779.0,2018-11-23,north
8121,1743.0,2018-11-23,south
8122,1560.0,2018-11-23,east
8123,1719.0,2018-11-23,west
8148,1689.0,2018-11-24,north
8149,1605.0,2018-11-24,south
8150,1683.0,2018-11-24,east
8151,1518.0,2018-11-24,west
8176,1665.0,2018-11-25,north
8177,1671.0,2018-11-25,south
8178,1704.0,2018-11-25,east
8179,1731.0,2018-11-25,west
8204,1653.0,2018-11-26,north
8205,1542.0,2018-11-26,south
8206,1659.0,2018-11-26,east
8207,1650.0,2018-11-26,west
8232,1773.0,2018-11-27,north
8233,1647.0,2018-11-27,south
8234,1725.0,2018-11-27,east
8235,1644.0,2018-11-27,west
8260,1767.0,2018-11-28,north
8261,1728.0,2018-11-28,south
8262,1719.0,2018-11-28,east
8263,1677.0,2018-11-28,west
8288,1686.0,2018-11-29,north
8289,1527.0,2018-11-29,south
8290,1689.0,2018-11-29,east
8291,1686.0,2018-11-29,west
8316,1641.0,2018-11-30,north
8317,1665.0,2018-11-30,south
8318,1755.0,2018-11-30,east
8319,1551.0,2018-11-30,west
8344,1665.0,2018-12-01,north
8345,1527.0,2018-12-01,south
8346,1536.0,2018-12-01,east
8347,1656.0,2018-12-01,west
8372,1563.0,2018-12-02,north
8373,1554.0,2018-12-02,south
8374,1602.0,2018-12-02,east
8375,1737.0,2018-12-02,west
8400,1506.0,2018-12-03,north
8401,1755.0,2018-12-03,south
8402,1572.0,2018-12-03,east
8403,1608.0,2018-12-03,west
8428,1722.0,2018-12-04,north
8429,1788.0,2018-12-04,south
8430,1788.0,2018-12-04,east
8431,1587.0,2018-12-04,west
8456,1677.0,2018-12-05,north
8457,1725.0,2018-12-05,south
8458,1731.0,2018-12-05,east
8459,1518.0,2018-12-05,west
8484,1737.0,2018-12-06,north
8485,1797.0,2018-12-06,south
8486,1662.0,2018-12-06,east
8487,1662.0,2018-12-06,west
8512,1716.0,2018-12-07,north
8513,1596.0,2018-12-07,south
8514,1653.0,2018-12-07,east
8515,1635.0,2018-12-07,west
8540,1782.0,2018-12-08,north
8541,1773.0,2018-12-08,south
8542,1755.0,2018-12-08,east
8543,1719.0,2018-12-08,west
8568,1737.0,2018-12-09,north
8569,1548.0,2018-12-09,south
8570,1665.0,2018-12-09,east
8571,1659.0,2018-12-09,west
8596,1659.0,2018-12-10,north
8597,1575.0,2018-12-10,south
8598,1509.0,2018-12-10,east
8599,1767.0,2018-12-10,west
8624,1509.0,2018-12-11,north
8625,1527.0,2018-12-11,south
8626,1575.0,2018-12-11,east
8627,1620.0,2018-12-11,west
8652,1623.0,2018-12-12,north
8653,1623.0,2018-12-12,south
8654,1773.0,2018-12-12,east
8655,1743.0,2018-12-12,west
8680,1719.0,2018-12-13,north
8681,1782.0,2018-12-13,south
8682,1713.0,2018-12-13,east
8683,1593.0,2018-12-13,west
8708,1716.0,2018-12-14,north
8709,1686.0,2018-12-14,south
8710,1569.0,2018-12-14,east
8711,1704.0,2018-12-14,west
8736,1554.0,2018-12-15,north
8737,1545.0,2018-12-15,south
8738,1587.0,2018-12-15,east
8739,1800.0,2018-12-15,west
8764,1635.0,2018-12-16,north
8765,1620.0,2018-12-16,south
8766,1800.0,2018-12-16,east
8767,1641.0,2018-12-16,west
8792,1635.0,2018-12-17,north
8793,1527.0,2018-12-17,south
8794,1626.0,2018-12-17,east
8795,1716.0,2018-12-17,west
8820,1755.0,2018-12-18,north
8821,1755.0,2018-12-18,south
8822,1605.0,2018-12-18,east
8823,1779.0,2018-12-18,west
8848,1566.0,2018-12-19,north
8849,1566.0,2018-12-19,south
8850,1797.0,2018-12-19,east
8851,1770.0,2018-12-19,west
8876,1731.0,2018-12-20,north
8877,1551.0,2018-12-20,south
8878,1767.0,2018-12-20,east
8879,1626.0,2018-12-20,west
8904,1659.0,2018-12-21,north
8905,1710.0,2018-12-21,south
8906,1542.0,2018-12-21,east
8907,1569.0,2018-12-21,west
8932,1776.0,2018-12-22,north
8933,1578.0,2018-12-22,south
8934,1668.0,2018-12-22,east
8935,1527.0,2018-12-22,west
8960,1770.0,2018-12-23,north
8961,1623.0,2018-12-23,south
8962,1710.0,2018-12-23,east
8963,1731.0,2018-12-23,west
8988,1740.0,2018-12-24,north
8989,1632.0,2018-12-24,south
8990,1719.0,2018-12-24,east
8991,1500.0,2018-12-24,west
9016,1512.0,2018-12-25,north
9017,1605.0,2018-12-25,south
9018,1623.0,2018-12-25,east
9019,1533.0,2018-12-25,west
9044,1683.0,2018-12-26,north
9045,1734.0,2018-12-26,south
9046,1545.0,2018-12-26,east
9047,1587.0,2018-12-26,west
9072,1578.0,2018-12-27,north
9073,1650.0,2018-12-27,south
9074,1632.0,2018-12-27,east
9075,1713.0,2018-12-27,west
9100,1650.0,2018-12-28,north
9101,1794.0,2018-12-28,south
9102,1764.0,2018-12-28,east
9103,1797.0,2018-12-28,west
9128,1626.0,2018-12-29,north
9129,1794.0,2018-12-29,south
9130,1695.0,2018-12-29,east
9131,1740.0,2018-12-29,west
9156,1758.0,2018-12-30,north
9157,1785.0,2018-12-30,south
9158,1599.0,2018-12-30,east
9159,1689.0,2018-12-30,west
9184,1527.0,2018-12-31,north
9185,1710.0,2018-12-31,south
9186,1590.0,2018-12-31,east
9187,1653.0,2018-12-31,west
9212,1518.0,2019-01-01,north
9213,1632.0,2019-01-01,south
9214,1755.0,2019-01-01,east
9215,1551.0,2019-01-01,west
9240,1767.0,2019-01-02,north
9241,1605.0,2019-01-02,south
9242,1692.0,2019-01-02,east
9243,1794.0,2019-01-02,west
9268,1695.0,2019-01-03,north
9269,1737.0,2019-01-03,south
9270,1575.0,2019-01-03,east
9271,1509.0,2019-01-03,west
9296,1590.0,2019-01-04,north
9297,1500.0,2019-01-04,south
9298,1590.0,2019-01-04,east
9299,1638.0,2019-01-04,west
9324,1761.0,2019-01-05,north
9325,1590.0,2019-01-05,south
9326,1725.0,2019-01-05,east
9327,1551.0,2019-01-05,west
9352,1644.0,2019-01-06,north
9353,1779.0,2019-01-06,south
9354,1794.0,2019-01-06,east
9355,1638.0,2019-01-06,west
9380,1644.0,2019-01-07,north
9381,1647.0,2019-01-07,south
9382,1692.0,2019-01-07,east
9383,1623.0,2019-01-07,west
9408,1722.0,2019-01-08,north
9409,1551.0,2019-01-08,south
9410,1731.0,2019-01-08,east
9411,1701.0,2019-01-08,west
9436,1500.0,2019-01-09,north
9437,1764.0,2019-01-09,south
9438,1764.0,2019-01-09,east
9439,1635.0,2019-01-09,west
9464,1767.0,2019-01-10,north
9465,1551.0,2019-01-10,south
9466,1512.0,2019-01-10,east
9467,1686.0,2019-01-10,west
9492,1662.0,2019-01-11,north
9493,1512.0,2019-01-11,south
9494,1608.0,2019-01-11,east
9495,1611.0,2019-01-11,west
9520,1566.0,2019-01-12,north
9521,1773.0,2019-01-12,south
9522,1707.0,2019-01-12,east
9523,1752.0,2019-01-12,west
9548,1551.0,2019-01-13,north
9549,1503.0,2019-01-13,south
9550,1536.0,2019-01-13,east
9551,1728.0,2019-01-13,west
9576,1692.0,2019-01-14,north
9577,1521.0,2019-01-14,south
9578,1698.0,2019-01-14,east
9579,1791.0,2019-01-14,west
9604,1605.0,2019-01-15,north
9605,1761.0,2019-01-15,south
9606,1617.0,2019-01-15,east
9607,1503.0,2019-01-15,west
9632,1548.0,2019-01-16,north
9633,1734.0,2019-01-16,south
9634,1506.0,2019-01-16,east
9635,1533.0,2019-01-16,west
9660,1590.0,2019-01-17,north
9661,1707.0,2019-01-17,south
9662,1509.0,2019-01-17,east
9663,1653.0,2019-01-17,west
9688,1572.0,2019-01-18,north
9689,1563.0,2019-01-18,south
9690,1635.0,2019-01-18,east
9691,1734.0,2019-01-18,west
9716,1587.0,2019-01-19,north
9717,1506.0,2019-01-19,south
9718,1689.0,2019-01-19,east
9719,1701.0,2019-01-19,west
9744,1707.0,2019-01-20,north
9745,1557.0,2019-01-20,south
9746,1722.0,2019-01-20,east
9747,1629.0,2019-01-20,west
9772,1611.0,2019-01-21,north
9773,1515.0,2019-01-21,south
9774,1614.0,2019-01-21,east
9775,1593.0,2019-01-21,west
9800,1719.0,2019-01-22,north
9801,1506.0,2019-01-22,south
9802,1794.0,2019-01-22,east
9803,1731.0,2019-01-22,west
9828,1662.0,2019-01-23,north
9829,1728.0,2019-01-23,south
9830,1563.0,2019-01-23,east
9831,1662.0,2019-01-23,west
9856,1647.0,2019-01-24,north
9857,1638.0,2019-01-24,south
9858,1557.0,2019-01-24,east
9859,1518.0,2019-01-24,west
9884,1560.0,2019-01-25,north
9885,1656.0,2019-01-25,south
9886,1707.0,2019-01-25,east
9887,1767.0,2019-01-25,west
9912,1671.0,2019-01-26,north
9913,1686.0,2019-01-26,south
9914,1653.0,2019-01-26,east
9915,1647.0,2019-01-26,west
9940,1524.0,2019-01-27,north
9941,1503.0,2019-01-27,south
9942,1533.0,2019-01-27,east
9943,1785.0,2019-01-27,west
9968,1731.0,2019-01-28,north
9969,1782.0,2019-01-28,south
9970,1560.0,2019-01-28,east
9971,1782.0,2019-01-28,west
9996,1500.0,2019-01-29,north
9997,1728.0,2019-01-29,south
9998,1605.0,2019-01-29,east
9999,1614.0,2019-01-29,west
10024,1782.0,2019-01-30,north
10025,1638.0,2019-01-30,south
10026,1797.0,2019-01-30,east
10027,1641.0,2019-01-30,west
10052,1650.0,2019-01-31,north
10053,1536.0,2019-01-31,south
10054,1599.0,2019-01-31,east
10055,1740.0,2019-01-31,west
10080,1749.0,2019-02-01,north
10081,1581.0,2019-02-01,south
10082,1662.0,2019-02-01,east
10083,1509.0,2019-02-01,west
10108,1596.0,2019-02-02,north
10109,1638.0,2019-02-02,south
10110,1746.0,2019-02-02,east
10111,1611.0,2019-02-02,west
10136,1602.0,2019-02-03,north
10137,1722.0,2019-02-03,south
10138,1734.0,2019-02-03,east
10139,1749.0,2019-02-03,west
10164,1548.0,2019-02-04,north
10165,1647.0,2019-02-04,south
10166,1560.0,2019-02-04,east
10167,1542.0,2019-02-04,west
10192,1617.0,2019-02-05,north
10193,1659.0,2019-02-05,south
10194,1674.0,2019-02-05,east
10195,1524.0,2019-02-05,west
10220,1551.0,2019-02-06,north
10221,1722.0,2019-02-06,south
10222,1563.0,2019-02-06,east
10223,1692.0,2019-02-06,west
10248,1734.0,2019-02-07,north
10249,1584.0,2019-02-07,south
10250,1662.0,2019-02-07,east
10251,1545.0,2019-02-07,west
10276,1662.0,2019-02-08,north
10277,1614.0,2019-02-08,south
10278,1719.0,2019-02-08,east
10279,1788.0,2019-02-08,west
10304,1779.0,2019-02-09,north
10305,1665.0,2019-02-09,south
10306,1605.0,2019-02-09,east
10307,1641.0,2019-02-09,west
10332,1725.0,2019-02-10,north
10333,1611.0,2019-02-10,south
10334,1560.0,2019-02-10,east
10335,1575.0,2019-02-10,west
10360,1563.0,2019-02-11,north
10361,1773.0,2019-02-11,south
10362,1536.0,2019-02-11,east
10363,1551.0,2019-02-11,west
10388,1572.0,2019-02-12,north
10389,1608.0,2019-02-12,south
10390,1752.0,2019-02-12,east
10391,1734.0,2019-02-12,west
10416,1686.0,2019-02-13,north
10417,1782.0,2019-02-13,south
10418,1500.0,2019-02-13,east
10419,1731.0,2019-02-13,west
10444,1725.0,2019-02-14,north
10445,1578.0,2019-02-14,south
10446,1560.0,2019-02-14,east
10447,1644.0,2019-02-14,west
10472,1566.0,2019-02-15,north
10473,1584.0,2019-02-15,south
10474,1695.0,2019-02-15,east
10475,1734.0,2019-02-15,west
10500,1794.0,2019-02-16,north
10501,1731.0,2019-02-16,south
10502,1674.0,2019-02-16,east
10503,1599.0,2019-02-16,west
10528,1512.0,2019-02-17,north
10529,1653.0,2019-02-17,south
10530,1722.0,2019-02-17,east
10531,1641.0,2019-02-17,west
10556,1695.0,2019-02-18,north
10557,1749.0,2019-02-18,south
10558,1728.0,2019-02-18,east
10559,1764.0,2019-02-18,west
10584,1716.0,2019-02-19,north
10585,1599.0,2019-02-19,south
10586,1596.0,2019-02-19,east
10587,1644.0,2019-02-19,west
10612,1740.0,2019-02-20,north
10613,1641.0,2019-02-20,south
10614,1566.0,2019-02-20,east
10615,1656.0,2019-02-20,west
10640,1599.0,2019-02-21,north
10641,1725.0,2019-02-21,south
10642,1731.0,2019-02-21,east
10643,1719.0,2019-02-21,west
10668,1770.0,2019-02-22,north
10669,1794.0,2019-02-22,south
10670,1725.0,2019-02-22,east
10671,1713.0,2019-02-22,west
10696,1599.0,2019-02-23,north
10697,1743.0,2019-02-23,south
10698,1518.0,2019-02-23,east
10699,1614.0,2019-02-23,west
10724,1692.0,2019-02-24,north
10725,1755.0,2019-02-24,south
10726,1653.0,2019-02-24,east
10727,1524.0,2019-02-24,west
10752,1635.0,2019-02-25,north
10753,1734.0,2019-02-25,south
10754,1713.0,2019-02-25,east
10755,1578.0,2019-02-25,west
10780,1566.0,2019-02-26,north
10781,1653.0,2019-02-26,south
10782,1506.0,2019-02-26,east
10783,1656.0,2019-02-26,west
10808,1593.0,2019-02-27,north
10809,1545.0,2019-02-27,south
10810,1734.0,2019-02-27,east
10811,1635.0,2019-02-27,west
10836,1710.0,2019-02-28,north
10837,1569.0,2019-02-28,south
10838,1731.0,2019-02-28,east
10839,1599.0,2019-02-28,west
10864,1593.0,2019-03-01,north
10865,1707.0,2019-03-01,south
10866,1638.0,2019-03-01,east
10867,1539.0,2019-03-01,west
10892,1782.0,2019-03-02,north
10893,1794.0,2019-03-02,south
10894,1608.0,2019-03-02,east
10895,1689.0,2019-03-02,west
10920,1698.0,2019-03-03,north
10921,1518.0,2019-03-03,south
10922,1593.0,2019-03-03,east
10923,1611.0,2019-03-03,west
10948,1587.0,2019-03-04,north
10949,1686.0,2019-03-04,south
10950,1518.0,2019-03-04,east
10951,1632.0,2019-03-04,west
10976,1566.0,2019-03-05,north
10977,1569.0,2019-03-05,south
10978,1743.0,2019-03-05,east
10979,1557.0,2019-03-05,west
11004,1746.0,2019-03-06,north
11005,1662.0,2019-03-06,south
11006,1674.0,2019-03-06,east
11007,1608.0,2019-03-06,west
11032,1551.0,2019-03-07,north
11033,1581.0,2019-03-07,south
11034,1560.0,2019-03-07,east
11035,1674.0,2019-03-07,west
11060,1521.0,2019-03-08,north
11061,1782.0,2019-03-08,south
11062,1617.0,2019-03-08,east
11063,1797.0,2019-03-08,west
11088,1533.0,2019-03-09,north
11089,1749.0,2019-03-09,south
11090,1656.0,2019-03-09,east
11091,1644.0,2019-03-09,west
11116,1545.0,2019-03-10,north
11117,1776.0,2019-03-10,south
11118,1650.0,2019-03-10,east
11119,1737.0,2019-03-10,west
11144,1659.0,2019-03-11,north
11145,1722.0,2019-03-11,south
11146,1689.0,2019-03-11,east
11147,1692.0,2019-03-11,west
11172,1518.0,2019-03-12,north
11173,1581.0,2019-03-12,south
11174,1626.0,2019-03-12,east
11175,1668.0,2019-03-12,west
11200,1524.0,2019-03-13,north
11201,1797.0,2019-03-13,south
11202,1542.0,2019-03-13,east
11203,1653.0,2019-03-13,west
11228,1677.0,2019-03-14,north
11229,1524.0,2019-03-14,south
11230,1692.0,2019-03-14,east
11231,1704.0,2019-03-14,west
11256,1647.0,2019-03-15,north
11257,1671.0,2019-03-15,south
11258,1563.0,2019-03-15,east
11259,1650.0,2019-03-15,west
11284,1563.0,2019-03-16,north
11285,1680.0,2019-03-16,south
11286,1728.0,2019-03-16,east
11287,1680.0,2019-03-16,west
11312,1683.0,2019-03-17,north
11313,1638.0,2019-03-17,south
11314,1545.0,2019-03-17,east
11315,1671.0,2019-03-17,west
11340,1701.0,2019-03-18,north
11341,1515.0,2019-03-18,south
11342,1764.0,2019-03-18,east
11343,1668.0,2019-03-18,west
11368,1677.0,2019-03-19,north
11369,1752.0,2019-03-19,south
11370,1635.0,2019-03-19,east
11371,1605.0,2019-03-19,west
11396,1635.0,2019-03-20,north
11397,1596.0,2019-03-20,south
11398,1608.0,2019-03-20,east
11399,1779.0,2019-03-20,west
11424,1776.0,2019-03-21,north
11425,1635.0,2019-03-21,south
11426,1791.0,2019-03-21,east
11427,1779.0,2019-03-21,west
11452,1746.0,2019-03-22,north
11453,1545.0,2019-03-22,south
11454,1767.0,2019-03-22,east
11455,1731.0,2019-03-22,west
11480,1734.0,2019-03-23,north
11481,1509.0,2019-03-23,south
11482,1686.0,2019-03-23,east
11483,1797.0,2019-03-23,west
11508,1566.0,2019-03-24,north
11509,1557.0,2019-03-24,south
11510,1797.0,2019-03-24,east
11511,1755.0,2019-03-24,west
11536,1650.0,2019-03-25,north
11537,1500.0,2019-03-25,south
11538,1554.0,2019-03-25,east
11539,1734.0,2019-03-25,west
11564,1701.0,2019-03-26,north
11565,1782.0,2019-03-26,south
11566,1797.0,2019-03-26,east
11567,1557.0,2019-03-26,west
11592,1668.0,2019-03-27,north
11593,1575.0,2019-03-27,south
11594,1608.0,2019-03-27,east
11595,1527.0,2019-03-27,west
11620,1518.0,2019-03-28,north
11621,1509.0,2019-03-28,south
11622,1767.0,2019-03-28,east
11623,1557.0,2019-03-28,west
11648,1605.0,2019-03-29,north
11649,1686.0,2019-03-29,south
11650,1656.0,2019-03-29,east
11651,1653.0,2019-03-29,west
11676,1722.0,2019-03-30,north
11677,1593.0,2019-03-30,south
11678,1557.0,2019-03-30,east
11679,1710.0,2019-03-30,west
11704,1785.0,2019-03-31,north
11705,1710.0,2019-03-31,south
11706,1653.0,2019-03-31,east
11707,1572.0,2019-03-31,west
11732,1512.0,2019-04-01,north
11733,1794.0,2019-04-01,south
11734,1569.0,2019-04-01,east
11735,1608.0,2019-04-01,west
11760,1623.0,2019-04-02,north
11761,1791.0,2019-04-02,south
11762,1785.0,2019-04-02,east
11763,1629.0,2019-04-02,west
11788,1539.0,2019-04-03,north
11789,1626.0,2019-04-03,south
11790,1695.0,2019-04-03,east
11791,1518.0,2019-04-03,west
11816,1530.0,2019-04-04,north
11817,1683.0,2019-04-04,south
11818,1662.0,2019-04-04,east
11819,1632.0,2019-04-04,west
11844,1614.0,2019-04-05,north
11845,1605.0,2019-04-05,south
11846,1662.0,2019-04-05,east
11847,1713.0,2019-04-05,west
11872,1749.0,2019-04-06,north
11873,1713.0,2019-04-06,south
11874,1716.0,2019-04-06,east
11875,1557.0,2019-04-06,west
11900,1605.0,2019-04-07,north
11901,1635.0,2019-04-07,south
11902,1518.0,2019-04-07,east
11903,1632.0,2019-04-07,west
11928,1713.0,2019-04-08,north
11929,1779.0,2019-04-08,south
11930,1743.0,2019-04-08,east
11931,1575.0,2019-04-08,west
11956,1728.0,2019-04-09,north
11957,1719.0,2019-04-09,south
11958,1755.0,2019-04-09,east
11959,1617.0,2019-04-09,west
11984,1542.0,2019-04-10,north
11985,1626.0,2019-04-10,south
11986,1509.0,2019-04-10,east
11987,1638.0,2019-04-10,west
12012,1581.0,2019-04-11,north
12013,1680.0,2019-04-11,south
12014,1569.0,2019-04-11,east
12015,1635.0,2019-04-11,west
12040,1539.0,2019-04-12,north
12041,1587.0,2019-04-12,south
12042,1593.0,2019-04-12,east
12043,1581.0,2019-04-12,west
12068,1515.0,2019-04-13,north
12069,1611.0,2019-04-13,south
12070,1644.0,2019-04-13,east
12071,1794.0,2019-04-13,west
12096,1500.0,2019-04-14,north
12097,1737.0,2019-04-14,south
12098,1722.0,2019-04-14,east
12099,1764.0,2019-04-14,west
12124,1530.0,2019-04-15,north
12125,1602.0,2019-04-15,south
12126,1524.0,2019-04-15,east
12127,1770.0,2019-04-15,west
12152,1596.0,2019-04-16,north
12153,1668.0,2019-04-16,south
12154,1584.0,2019-04-16,east
12155,1713.0,2019-04-16,west
12180,1569.0,2019-04-17,north
12181,1686.0,2019-04-17,south
12182,1647.0,2019-04-17,east
12183,1509.0,2019-04-17,west
12208,1590.0,2019-04-18,north
12209,1650.0,2019-04-18,south
12210,1557.0,2019-04-18,east
12211,1575.0,2019-04-18,west
12236,1773.0,2019-04-19,north
12237,1629.0,2019-04-19,south
12238,1524.0,2019-04-19,east
12239,1512.0,2019-04-19,west
12264,1521.0,2019-04-20,north
12265,1653.0,2019-04-20,south
12266,1584.0,2019-04-20,east
12267,1713.0,2019-04-20,west
12292,1683.0,2019-04-21,north
12293,1749.0,2019-04-21,south
12294,1545.0,2019-04-21,east
12295,1629.0,2019-04-21,west
12320,1533.0,2019-04-22,north
12321,1587.0,2019-04-22,south
12322,1671.0,2019-04-22,east
12323,1650.0,2019-04-22,west
12348,1668.0,2019-04-23,north
12349,1674.0,2019-04-23,south
12350,1728.0,2019-04-23,east
12351,1518.0,2019-04-23,west
12376,1554.0,2019-04-24,north
12377,1719.0,2019-04-24,south
12378,1746.0,2019-04-24,east
12379,1665.0,2019-04-24,west
12404,1503.0,2019-04-25,north
12405,1692.0,2019-04-25,south
12406,1725.0,2019-04-25,east
12407,1764.0,2019-04-25,west
12432,1710.0,2019-04-26,north
12433,1635.0,2019-04-26,south
12434,1764.0,2019-04-26,east
12435,1758.0,2019-04-26,west
12460,1740.0,2019-04-27,north
12461,1776.0,2019-04-27,south
12462,1740.0,2019-04-27,east
12463,1620.0,2019-04-27,west
12488,1566.0,2019-04-28,north
12489,1704.0,2019-04-28,south
12490,1578.0,2019-04-28,east
12491,1503.0,2019-04-28,west
12516,1602.0,2019-04-29,north
12517,1791.0,2019-04-29,south
12518,1752.0,2019-04-29,east
12519,1800.0,2019-04-29,west
12544,1719.0,2019-04-30,north
12545,1767.0,2019-04-30,south
12546,1500.0,2019-04-30,east
12547,1623.0,2019-04-30,west
12572,1665.0,2019-05-01,north
12573,1800.0,2019-05-01,south
12574,1731.0,2019-05-01,east
12575,1542.0,2019-05-01,west
12600,1575.0,2019-05-02,north
12601,1548.0,2019-05-02,south
12602,1797.0,2019-05-02,east
12603,1521.0,2019-05-02,west
12628,1560.0,2019-05-03,north
12629,1521.0,2019-05-03,south
12630,1605.0,2019-05-03,east
12631,1740.0,2019-05-03,west
12656,1617.0,2019-05-04,north
12657,1743.0,2019-05-04,south
12658,1629.0,2019-05-04,east
12659,1749.0,2019-05-04,west
12684,1512.0,2019-05-05,north
12685,1746.0,2019-05-05,south
12686,1530.0,2019-05-05,east
12687,1611.0,2019-05-05,west
12712,1569.0,2019-05-06,north
12713,1689.0,2019-05-06,south
12714,1557.0,2019-05-06,east
12715,1560.0,2019-05-06,west
12740,1650.0,2019-05-07,north
12741,1695.0,2019-05-07,south
12742,1620.0,2019-05-07,east
12743,1644.0,2019-05-07,west
12768,1800.0,2019-05-08,north
12769,1515.0,2019-05-08,south
12770,1785.0,2019-05-08,east
12771,1650.0,2019-05-08,west
12796,1797.0,2019-05-09,north
12797,1641.0,2019-05-09,south
12798,1665.0,2019-05-09,east
12799,1767.0,2019-05-09,west
12824,1500.0,2019-05-10,north
12825,1788.0,2019-05-10,south
12826,1725.0,2019-05-10,east
12827,1557.0,2019-05-10,west
12852,1503.0,2019-05-11,north
12853,1518.0,2019-05-11,south
12854,1650.0,2019-05-11,east
12855,1614.0,2019-05-11,west
12880,1743.0,2019-05-12,north
12881,1524.0,2019-05-12,south
12882,1761.0,2019-05-12,east
12883,1743.0,2019-05-12,west
12908,1563.0,2019-05-13,north
12909,1716.0,2019-05-13,south
12910,1560.0,2019-05-13,east
12911,1614.0,2019-05-13,west
12936,1617.0,2019-05-14,north
12937,1761.0,2019-05-14,south
12938,1635.0,2019-05-14,east
12939,1614.0,2019-05-14,west
12964,1509.0,2019-05-15,north
12965,1650.0,2019-05-15,south
12966,1755.0,2019-05-15,east
12967,1569.0,2019-05-15,west
12992,1605.0,2019-05-16,north
12993,1695.0,2019-05-16,south
12994,1662.0,2019-05-16,east
12995,1605.0,2019-05-16,west
13020,1731.0,2019-05-17,north
13021,1590.0,2019-05-17,south
13022,1620.0,2019-05-17,east
13023,1752.0,2019-05-17,west
13048,1533.0,2019-05-18,north
13049,1737.0,2019-05-18,south
13050,1608.0,2019-05-18,east
13051,1662.0,2019-05-18,west
13076,1797.0,2019-05-19,north
13077,1728.0,2019-05-19,south
13078,1686.0,2019-05-19,east
13079,1650.0,2019-05-19,west
13104,1695.0,2019-05-20,north
13105,1752.0,2019-05-20,south
13106,1785.0,2019-05-20,east
13107,1668.0,2019-05-20,west
13132,1515.0,2019-05-21,north
13133,1683.0,2019-05-21,south
13134,1794.0,2019-05-21,east
13135,1533.0,2019-05-21,west
13160,1599.0,2019-05-22,north
13161,1761.0,2019-05-22,south
13162,1761.0,2019-05-22,east
13163,1722.0,2019-05-22,west
13188,1626.0,2019-05-23,north
13189,1668.0,2019-05-23,south
13190,1641.0,2019-05-23,east
13191,1740.0,2019-05-23,west
13216,1650.0,2019-05-24,north
13217,1623.0,2019-05-24,south
13218,1653.0,2019-05-24,east
13219,1773.0,2019-05-24,west
13244,1788.0,2019-05-25,north
13245,1581.0,2019-05-25,south
13246,1677.0,2019-05-25,east
13247,1569.0,2019-05-25,west
13272,1791.0,2019-05-26,north
13273,1617.0,2019-05-26,south
13274,1638.0,2019-05-26,east
13275,1542.0,2019-05-26,west
13300,1590.0,2019-05-27,north
13301,1704.0,2019-05-27,south
13302,1680.0,2019-05-27,east
13303,1527.0,2019-05-27,west
13328,1635.0,2019-05-28,north
13329,1755.0,2019-05-28,south
13330,1560.0,2019-05-28,east
13331,1533.0,2019-05-28,west
13356,1599.0,2019-05-29,north
13357,1677.0,2019-05-29,south
13358,1581.0,2019-05-29,east
13359,1680.0,2019-05-29,west
13384,1692.0,2019-05-30,north
13385,1644.0,2019-05-30,south
13386,1716.0,2019-05-30,east
13387,1761.0,2019-05-30,west
13412,1716.0,2019-05-31,north
13413,1764.0,2019-05-31,south
13414,1677.0,2019-05-31,east
13415,1605.0,2019-05-31,west
13440,1680.0,2019-06-01,north
13441,1695.0,2019-06-01,south
13442,1548.0,2019-06-01,east
13443,1689.0,2019-06-01,west
13468,1755.0,2019-06-02,north
13469,1707.0,2019-06-02,south
13470,1557.0,2019-06-02,east
13471,1644.0,2019-06-02,west
13496,1719.0,2019-06-03,north
13497,1680.0,2019-06-03,south
13498,1581.0,2019-06-03,east
13499,1749.0,2019-06-03,west
13524,1602.0,2019-06-04,north
13525,1704.0,2019-06-04,south
13526,1602.0,2019-06-04,east
13527,1554.0,2019-06-04,west
13552,1632.0,2019-06-05,north
13553,1560.0,2019-06-05,south
13554,1647.0,2019-06-05,east
13555,1560.0,2019-06-05,west
13580,1662.0,2019-06-06,north
13581,1545.0,2019-06-06,south
13582,1614.0,2019-06-06,east
13583,1746.0,2019-06-06,west
13608,1713.0,2019-06-07,north
13609,1668.0,2019-06-07,south
13610,1503.0,2019-06-07,east
13611,1758.0,2019-06-07,west
13636,1656.0,2019-06-08,north
13637,1560.0,2019-06-08,south
13638,1710.0,2019-06-08,east
13639,1677.0,2019-06-08,west
13664,1782.0,2019-06-09,north
13665,1665.0,2019-06-09,south
13666,1782.0,2019-06-09,east
13667,1797.0,2019-06-09,west
13692,1698.0,2019-06-10,north
13693,1689.0,2019-06-10,south
13694,1623.0,2019-06-10,east
13695,1767.0,2019-06-10,west
